experiment,dataset,method,MSETest_mean,MSETest_std,RMSETest_mean,RMSETest_std,EnergyScoreTest_mean,EnergyScoreTest_std,CRPSTest_mean,CRPSTest_std,Gaussian NLLTest_mean,Gaussian NLLTest_std,C95Test_mean,C95Test_std,C90Test_mean,C90Test_std,C75Test_mean,C75Test_std,C50Test_mean,C50Test_std,MSEValidation_mean,MSEValidation_std,RMSEValidation_mean,RMSEValidation_std,EnergyScoreValidation_mean,EnergyScoreValidation_std,CRPSValidation_mean,CRPSValidation_std,Gaussian NLLValidation_mean,Gaussian NLLValidation_std,C95Validation_mean,C95Validation_std,C90Validation_mean,C90Validation_std,C75Validation_mean,C75Validation_std,C50Validation_mean,C50Validation_std,NumberParameters_mean,NumberParameters_std,n_runs
Burgers,1D_Burgers,deterministic,1.04e-06,8.648699324175862e-07,0.0009518200000000001,0.0003908854141561182,0.0042559,0.0007089793685291553,0.00015726,2.6185263030949293e-05,-7.09244784,0.1737114037004567,0.1618,0.021707141681944202,0.0796,0.013667479650615905,0.0086,0.007197221686178632,0.0,0.0,9.6e-07,6.580273550544841e-07,0.00092606,0.0003757777840692555,0.00405524,0.0006613587626999433,0.00015034,2.0347800863975444e-05,-7.1097701,0.16763942385035785,0.15733332,0.02841058147076543,0.07733332,0.022396531863371167,0.00799998,0.005900397977848612,0.0,0.0,,,5
Burgers,1D_Burgers,iDDPM,7.6e-07,5.029910535983716e-07,0.0008305999999999999,0.00025925834605659273,0.00468074,0.0010641993506857635,0.00014780000000000001,1.5598397353574495e-05,-7.20703048,0.06678246964265395,0.1186,0.029921564130238908,0.05,0.021714050750608466,0.0068000000000000005,0.00432434966208793,0.0,0.0,6.4e-07,3.974921382870358e-07,0.00078578,0.00022758034185755148,0.004668739999999999,0.0012287564742454057,0.00014302,1.4806147371953322e-05,-7.226630699999999,0.07544132194967827,0.12844446,0.025514447347689113,0.05533332,0.01766279618681595,0.00466666,0.0016480714511209762,0.0,0.0,,,5
Burgers,1D_Burgers,mixednormal,7.2e-07,4.919349550499538e-07,0.0008061199999999999,0.00026783385148259356,0.0038200200000000004,0.00038800851408184357,0.00012658,1.7230554256900737e-05,-6.991846560000001,0.1859315668825577,0.96400006,0.003741610616165185,0.93220002,0.012577789551507037,0.7636000000000001,0.0956676538857309,0.23399999999999999,0.1594506193151974,5.4e-07,2.966479394838265e-07,0.0007149799999999999,0.00020465214877933728,0.00363042,0.0005685892032038599,0.00012312,2.365390031263343e-05,-6.998850419999999,0.18968587170434453,0.96266666,0.01104421478639381,0.9293333199999999,0.02022406758980497,0.77111116,0.09574594766269745,0.24466665999999998,0.16619640342040498,,,5
Burgers,1D_Burgers,mvnormal,5.199999999999999e-07,2.8635642126552706e-07,0.000698,0.00020270875659428238,0.0063542799999999995,0.00031516684787585093,0.00024274000000000002,1.9116563498704483e-05,-6.1040787000000005,0.03662804316203642,0.81580002,0.03885488978239419,0.7452000400000001,0.04974637102345254,0.5721999999999999,0.07430477777370711,0.27040000000000003,0.08747742565942371,2.4e-07,8.944271909999158e-08,0.0004950600000000001,8.437350294968201e-05,0.0061184,0.00024164507029939594,0.00023776,1.2216505228583168e-05,-6.099733179999999,0.03248240222046419,0.82466668,0.034777955253392924,0.75444446,0.0501417897591221,0.57822226,0.08806421370683441,0.2751111,0.10219686053137837,,,5
Burgers,1D_Burgers,normal,7e-07,4.84767985741633e-07,0.0008078,0.00026862746508873593,0.00367154,0.00038896279770692723,0.00012028,1.5150148514123544e-05,-7.121225180000001,0.09154503598301762,0.96420004,0.0080746876102423,0.93780004,0.010158736142010964,0.79900006,0.04123716466978547,0.24980000000000002,0.10799629623278756,4.4e-07,1.9493588689617928e-07,0.0006715,0.000150064136288455,0.0034427600000000004,0.0004128977270462989,0.00011570000000000001,1.1573893035621161e-05,-7.128443419999999,0.08368285637812578,0.96777782,0.005386339603292793,0.942,0.006638802881920822,0.8046666800000001,0.04368376275456362,0.24911111999999996,0.11508021877943228,,,5
Burgers,1D_Burgers,sample,8.6e-07,1.04546640309481e-06,0.0008074600000000001,0.0004854672470929424,0.0035865800000000002,0.0010530137567952283,0.00013698,2.9800620798902833e-05,-7.0049242199999995,0.13704506933148725,0.61640004,0.07510861275514946,0.5172000000000001,0.08818559973147544,0.2988,0.10082509608227505,0.055600000000000004,0.04535746906519366,5.199999999999999e-07,3.6331804249169907e-07,0.00069646,0.0002389127727853829,0.00334554,0.0007996560185479756,0.00013202,2.5431614183924697e-05,-7.0133899799999995,0.14030296958096417,0.6308889,0.06289023889404464,0.52711114,0.07516483835340164,0.30022222,0.08490879508459061,0.057333339999999997,0.05432868073695514,,,5
KS,1D_KS,deterministic,3.212e-05,6.586121772333094e-06,0.0056390599999999996,0.0006051616833541264,0.059279280000000004,0.006243587544593254,0.00238092,0.00024658866965049305,-3.98817422,0.17019115482826058,0.0012000000000000001,0.002683281572999748,0.0002,0.00044721359549995795,0.0,0.0,0.0,0.0,2.964e-05,5.867963871736088e-06,0.00542196,0.0005621904730605101,0.05760494000000001,0.006331939432985759,0.00233608,0.00026115616400919974,-4.0150709,0.17911253907490682,0.0008888800000000001,0.0019875961038400133,0.00022222000000000002,0.0004968990259600033,0.0,0.0,0.0,0.0,,,5
KS,1D_KS,iDDPM,2.5e-05,6.170899448216606e-06,0.00497046,0.0006097826071642253,0.0514012,0.005376786759301508,0.00203908,0.00019781937973818446,-4.22341662,0.09840851778396527,0.0008,0.0008366600265340755,0.0,0.0,0.0,0.0,0.0,0.0,2.286e-05,4.094874845462314e-06,0.00476482,0.00042360110009300025,0.05007198,0.004398557194921988,0.0019982800000000003,0.00017872070948829623,-4.25180292,0.10335828245485218,0.00066666,0.0009937980519200067,0.00022222000000000002,0.0004968990259600033,0.0,0.0,0.0,0.0,,,5
KS,1D_KS,mixednormal,1.2560000000000002e-05,2.665145399410697e-06,0.0035280199999999998,0.0003592578071524684,0.04914956,0.005448780653779338,0.0019612600000000003,0.00021193713218782605,-4.08070262,0.09318350770687367,0.97600006,0.004847664386382363,0.93440008,0.011631885917683353,0.6306000199999999,0.04352927084160729,0.0228,0.010663020210053059,1.1419999999999999e-05,2.255437873229941e-06,0.0033655200000000003,0.00032282185799601613,0.04819782,0.00461095349434366,0.0019287800000000002,0.00018781404899527614,-4.09630898,0.0854588040245239,0.97355558,0.007175070783065501,0.94000006,0.016573800535725023,0.63933336,0.04969413987859132,0.02044446,0.009316107847862218,,,5
KS,1D_KS,mvnormal,2.382e-05,1.0158740079360226e-06,0.00488016,0.00010441893027607623,0.07677366,0.0007751869600296467,0.00335902,6.109547446415325e-05,-3.5870399399999995,0.023521467351294394,0.36879999999999996,0.06087446098323993,0.2,0.040527768258318886,0.0366,0.010114346246792224,0.0006000000000000001,0.0008944271909999159,2.202e-05,9.65401470891773e-07,0.00469054,0.00010370064127091998,0.07586632,0.001092551743397077,0.00333224,6.718595835440605e-05,-3.59061662,0.0222338980925972,0.38377778,0.047431564645202234,0.20333336000000002,0.03658239339044126,0.03733334,0.008483822004438802,0.00066666,0.0009937980519200067,,,5
KS,1D_KS,normal,1.556e-05,5.226184076360113e-06,0.00390338,0.0006438581381018651,0.052314320000000004,0.007497280008242991,0.0021023400000000003,0.0002919374213765683,-4.0402226,0.13758905790990428,0.96480002,0.004764468491028142,0.91920004,0.008197605138270584,0.5662,0.05193938775149358,0.0134,0.008734987120768983,1.4339999999999998e-05,4.618766068984226e-06,0.00374936,0.0005930053313419704,0.05165256,0.007397464420191558,0.00208896,0.000291992402298416,-4.04305176,0.13762369213098063,0.96844446,0.014133397492924244,0.9195555799999999,0.018029478159863624,0.57977778,0.07782302117427722,0.01711112,0.008111867696899401,,,5
KS,1D_KS,sample,3.4620000000000004e-05,7.889043034487774e-06,0.00585016,0.0006933618773771746,0.07335546000000001,0.01506488001721222,0.00343964,0.0008225604798432755,-3.52996578,0.28370395288539263,0.2644,0.19886880097189705,0.1712,0.16979605413554225,0.052000000000000005,0.07571327492586752,0.0024000000000000002,0.004827007354458868,3.256e-05,8.580967311439892e-06,0.00566566,0.0007663123501549483,0.07204486,0.015913407241474085,0.00340082,0.0008479630634644415,-3.53983686,0.29296783014573996,0.27333334,0.2023427411779528,0.17955554,0.16423334637936052,0.0568889,0.07501190526909712,0.002,0.003880949832837317,,,5
NDP,1D_Burgers,NDP,2.548e-05,1.6916766830573743e-05,0.00469146,0.0020800743912177755,0.01390022,0.003184465972027336,0.00043104,8.151409694034526e-05,-6.19580846,0.2792954571131852,0.0132,0.00719027120489902,0.004,0.0035355339059327377,0.0004,0.0005477225575051661,0.0004,0.0005477225575051661,1.422e-05,1.1374401083134005e-05,0.00349118,0.0015949346105718566,0.012602259999999999,0.00274095004752002,0.00040212,7.738344138121539e-05,-6.23523074,0.29823995236419576,0.01333332,0.010243938888533062,0.0028888800000000004,0.002675918441769106,0.0,0.0,0.0,0.0,4084225.0,0.0,5
NDP,1D_KS,NDP,0.00309214,0.0015203374503708052,0.05425818,0.01360982388706775,0.5923713399999999,0.13835732876963183,0.025925959999999998,0.00550168373618477,-1.24035926,0.04745600086272544,0.0024000000000000002,0.003286335345030997,0.0008,0.001788854381999832,0.0,0.0,0.0,0.0,0.0029504799999999997,0.0014997750287959858,0.052884640000000004,0.013861149316452803,0.5796196,0.13958886805549714,0.02556348,0.0056239335928689625,-1.2780779199999999,0.04425072720003595,0.00244444,0.00433190888269825,0.0011111,0.0019244816522897797,0.0,0.0,0.0,0.0,4084225.0,0.0,5
NDP,concrete,NDP,91.49519425999999,15.394480717900402,9.53293622,0.791295201168225,5.40734958,0.4283755318044731,5.381329259999999,0.425512495960133,5.87941274,1.6161984223423767,0.66796118,0.04254156389569197,0.59902915,0.03604320972302162,0.44757283000000003,0.03534792887561512,0.28737862999999997,0.030647278519375126,84.64344787,22.455485460390456,9.12717071,1.1641057012216445,4.96233506,0.6555737691945966,4.93638387,0.653595631769976,5.0179554699999995,1.0607678579914985,0.72330098,0.0515592756790321,0.6407767,0.06838995566412338,0.49514565,0.0524312826039782,0.32135923,0.03845208008263819,137985.0,0.0,80
T2M,WeatherBench,deterministic,0.5804666,,0.7618836,,102.4986838,,0.3927669,,1.0393893,,0.9727648,,0.9489216,,0.8545356,,0.6214128,,,,,,,,,,,,,,,,,,,,,,1
T2M,WeatherBench,iDDPM,0.518207,,0.7198659,,96.713683,,0.3563023,,0.9182836,,0.8509268,,0.7842739,,0.6245808,,0.4006278,,,,,,,,,,,,,,,,,,,,,,1
T2M,WeatherBench,mixednormal,0.4971725,,0.7051046,,95.6817552,,0.3494784,,0.9799089,,0.8253149,,0.7589704,,0.6037022,,0.3880792,,,,,,,,,,,,,,,,,,,,,,1
T2M,WeatherBench,mvnormal,0.5823953,,0.7631483,,101.3874623,,0.3767939,,0.9348649,,0.9432652,,0.9040359,,0.7799211,,0.5423296,,,,,,,,,,,,,,,,,,,,,,1
T2M,WeatherBench,normal,0.5076099,,0.7124675,,96.4851019,,0.3547561,,0.9712821,,0.8359036,,0.7695019,,0.6122564,,0.3929385,,,,,,,,,,,,,,,,,,,,,,1
UCI,concrete,deterministic,23.49725017,5.117503675077974,4.82252648,0.5031358782726294,2.60069629,0.2957206576762051,2.591387305,0.29567439754738656,10.352406365,5.9888771938770935,0.573300975,0.054782997742546614,0.5077669950000001,0.05234005009428326,0.37524272000000003,0.06867103344639114,0.23106795500000002,0.048143474414705956,,,,,,,,,,,,,,,,,,,418945.0,0.0,20
UCI,concrete,mixednormal,22.740645655,5.1243838274572235,4.741910925,0.5180189614414301,2.43536845,0.3153034877552861,2.42532303,0.3155288653283247,7.904204165,4.0840203451483665,0.6830097150000001,0.05920486354358039,0.614077685,0.06553635065454957,0.480097095,0.06013604158223669,0.30873785,0.06088417959929716,,,,,,,,,,,,,,,,,,,519563.0,0.0,20
UCI,concrete,normal,23.21542106,5.592471659171939,4.786151695,0.5695548124566837,2.48051812,0.30382161239640476,2.470271295,0.30327818377945465,9.629506254999999,6.524847960445098,0.683495155,0.04676347528907662,0.619902935,0.05512603588205632,0.47961165,0.05043824509100736,0.29805825,0.03715050199905217,,,,,,,,,,,,,,,,,,,419203.0,0.0,20
UCI,concrete,sample,23.54490889,5.228437436547439,4.8253282650000004,0.5242699310667281,2.504000795,0.2957331468554743,2.49216373,0.29552941550436684,5.002230385,1.8713624125412431,0.7286408,0.04634520413947354,0.664077695,0.05083014789269386,0.517961165,0.056195589718807115,0.32864076999999997,0.05767686688399249,,,,,,,,,,,,,,,,,,,419073.0,0.0,20
UCI,energy,deterministic,0.208773785,0.052300739228158796,0.45345459000000005,0.05760759370802011,0.290058045,0.030952301219056986,0.28963295499999997,0.03101477144518951,63.5899182,85.1659148342053,0.283766235,0.11679004771784769,0.242207805,0.10210998240744595,0.16623377,0.07232089058735017,0.103246765,0.05452834946540508,,,,,,,,,,,,,,,,,,,419713.0,0.0,20
UCI,energy,mixednormal,0.201128295,0.05541377720420566,0.444513785,0.061007289461197954,0.24239407000000002,0.026669256882728233,0.24118499,0.026639340391290706,1.6162868499999998,1.2768772857486133,0.7207792150000001,0.06256792439016957,0.640259735,0.06808489733789622,0.4883117,0.05964806900386193,0.29805195,0.04904300239779372,,,,,,,,,,,,,,,,,,,520331.0,0.0,20
UCI,energy,normal,0.20910414500000002,0.05808795351694545,0.45316668,0.06277875287760978,0.245663675,0.028629264105417787,0.244400385,0.028635422978951216,1.601909495,1.198204410402557,0.72532467,0.06036920037728461,0.64090909,0.07116711283730563,0.48571428999999994,0.06169641011130225,0.30194804999999997,0.061476599868246835,,,,,,,,,,,,,,,,,,,419971.0,0.0,20
UCI,energy,sample,0.211267335,0.052801475824712105,0.456294305,0.05678063987912258,0.24832026,0.02559109528766845,0.247090785,0.025586787784534725,1.626685025,1.2670562239442344,0.72142855,0.07018743796160543,0.6435065,0.06787271877409486,0.487013,0.07763676214599423,0.311688315,0.05445098419993292,,,,,,,,,,,,,,,,,,,419841.0,0.0,20
UCI,kin8nm,deterministic,0.004779139999999999,0.0002613621814546565,0.069106945,0.0018830543770204258,0.039588135,0.0010902968027946376,0.039344135,0.001091999596720092,-0.99057025,0.08528813715965242,0.769536045,0.02105119746238919,0.6943834050000001,0.024891328902450625,0.5304029650000001,0.02573847257685978,0.328449335,0.019866605883459582,,,,,,,,,,,,,,,,,,,418945.0,0.0,20
UCI,kin8nm,mixednormal,0.004750025,0.00026007154253559166,0.06889603,0.0018806756249872122,0.038493299999999994,0.0010187895015267175,0.03819402,0.001017830225011702,-1.21751393,0.04271495448377103,0.8580586350000001,0.012375188896858158,0.79542125,0.015788615677043025,0.6321734099999999,0.017070502553262673,0.4023199,0.016436425470982355,,,,,,,,,,,,,,,,,,,519563.0,0.0,20
UCI,kin8nm,normal,0.00474136,0.0002688196429226342,0.068831525,0.0019429400515916428,0.0384134,0.0010476870510043083,0.03811249,0.0010480231927425649,-1.2242194100000001,0.045464652690714175,0.862759485,0.018073081861657795,0.79481075,0.02008447821597298,0.63394387,0.026528724204730056,0.40873015500000004,0.029026563655971827,,,,,,,,,,,,,,,,,,,419203.0,0.0,20
UCI,kin8nm,sample,0.004764630000000001,0.0002627443486296939,0.069001645,0.0018896927161717683,0.038557165,0.0009838731450510436,0.038258645,0.0009833429666060987,-1.21505496,0.04315766396457725,0.85854704,0.01331822802032891,0.79102565,0.01407443117771782,0.633211245,0.014589792329191024,0.4114774,0.016071957552798187,,,,,,,,,,,,,,,,,,,419073.0,0.0,20
UCI,naval-propulsion-plant,deterministic,0.0,0.0,0.000135245,1.0975977357272949e-05,7.9915e-05,9.029558187011789e-06,7.979499999999999e-05,9.034755989481602e-06,25.466645234999998,26.618829436939787,0.242665555,0.08086388112033492,0.20922046,0.07485071006367414,0.15704108,0.06606908748827445,0.095305945,0.04895130388652611,,,,,,,,,,,,,,,,,,,421505.0,0.0,20
UCI,naval-propulsion-plant,mixednormal,0.0,0.0,0.000122655,8.073704882290146e-06,5.41e-05,3.0068343206067985e-06,5.3565000000000006e-05,2.9684791427686735e-06,-7.994319365,0.09035754527907583,0.93797151,0.022120532640320257,0.8914501100000001,0.029446014458360925,0.750628665,0.03975436166027671,0.49723385000000003,0.03883118431661662,,,,,,,,,,,,,,,,,,,522123.0,0.0,20
UCI,naval-propulsion-plant,normal,0.0,0.0,0.000124335,9.707472704869665e-06,5.591e-05,5.01816699602554e-06,5.5395e-05,4.995732389276186e-06,-7.947507740000001,0.12780138182132209,0.923302595,0.030671332700207464,0.8711232250000001,0.038410154460464106,0.720955585,0.04973358693340341,0.473931275,0.04195030633902167,,,,,,,,,,,,,,,,,,,421763.0,0.0,20
UCI,naval-propulsion-plant,sample,0.0,0.0,0.00012365,9.014403678791543e-06,5.5020000000000005e-05,3.62819369296682e-06,5.4489999999999995e-05,3.5994005348844284e-06,-7.96438174,0.10991303999884543,0.9243923000000001,0.029024939520731232,0.8773679700000001,0.04066539740863492,0.734283325,0.051665815645131466,0.49601844,0.04982938669755133,,,,,,,,,,,,,,,,,,,421633.0,0.0,20
UCI,power-plant,deterministic,14.898320295,1.3249483281548236,3.856285295,0.1697800571313445,2.05576613,0.049498245102418,2.04034892,0.04910892745859212,2.9784248399999997,0.11900324629122927,0.81650991,0.018656627445605086,0.742319745,0.015144024213095282,0.5801462749999999,0.023112178742314853,0.367868325,0.02227620421202089,,,,,,,,,,,,,,,,,,,418433.0,0.0,20
UCI,power-plant,mixednormal,12.938899525,1.2439002312139569,3.593167075,0.1718317490453957,1.8204987200000002,0.06251322002027039,1.80545816,0.062400645388644545,2.9188029749999997,0.3022735905066588,0.8748171250000001,0.016464687580997988,0.81786831,0.01792358220251804,0.66938347,0.02027165181401178,0.43918494500000005,0.02046824496918079,,,,,,,,,,,,,,,,,,,519051.0,0.0,20
UCI,power-plant,normal,13.257734970000001,1.419419649785963,3.63625476,0.19299934778331954,1.8542428050000002,0.05872387316270039,1.8384732,0.0583791407274983,2.836526025,0.18710213093406577,0.8881922449999999,0.012842583217130485,0.8325496149999999,0.015546515558707421,0.68030301,0.018929002593038636,0.44555904,0.01972564202902565,,,,,,,,,,,,,,,,,,,418691.0,0.0,20
UCI,power-plant,sample,14.289147224999999,1.3234713352879977,3.7763038549999997,0.17374043574313425,1.951576605,0.06776549166186424,1.9341452799999999,0.06756864274068652,2.7695914299999997,0.084812808735865,0.9026123,0.010545665293280227,0.845193295,0.0132793859360833,0.6919540150000001,0.015041980699197356,0.45350051,0.014542366516488816,,,,,,,,,,,,,,,,,,,418561.0,0.0,20
UCI,protein-tertiary-structure,deterministic,14.16756974,0.2691329263713438,3.7638468000000005,0.03582971909051195,1.7283157599999999,0.024699644068245204,1.71348728,0.024859005910574963,3.2108608199999997,0.36475770464742335,0.85851738,0.008873191139719705,0.7886289200000001,0.011181940990588377,0.62702822,0.014078305907743324,0.39965014,0.0157404873969328,,,,,,,,,,,,,,,,,,,419073.0,0.0,5
UCI,protein-tertiary-structure,mixednormal,13.81134032,0.33886372262926373,3.7161375800000003,0.04557728499534592,1.66694268,0.02921629845919908,1.6538511599999999,0.02907155381112278,3.7988368,0.4543128806322689,0.8904001600000001,0.007096681657859532,0.8378307599999999,0.010530078781661614,0.6962607000000001,0.011393160931672993,0.46372182000000006,0.011918871498887802,,,,,,,,,,,,,,,,,,,519691.0,0.0,5
UCI,protein-tertiary-structure,normal,13.78544426,0.3534401373375531,3.7126320999999995,0.047527974575874536,1.67431506,0.028774672798191837,1.66016232,0.028748901489917777,3.18793076,0.34419574271240333,0.9063197000000001,0.002467275171114886,0.85261316,0.004707835428623207,0.70741306,0.008203928619448134,0.46862016000000006,0.005523423040379959,,,,,,,,,,,,,,,,,,,419331.0,0.0,5
UCI,protein-tertiary-structure,sample,14.17431508,0.2755841350421903,3.76473638,0.03665722502825316,1.70869866,0.023427498388389686,1.6937197999999998,0.02349762378156565,2.91335,0.1317226503527393,0.90548874,0.01359607251242063,0.8497266400000001,0.020987856826936845,0.69910344,0.029007618100388745,0.46577738,0.02393616075798288,,,,,,,,,,,,,,,,,,,419201.0,0.0,5
UCI,wine-quality-red,deterministic,0.44257634,0.08912123940037735,0.662034725,0.06717102290595627,0.3322635,0.05200320953265137,0.33123215,0.05203861728666409,3903.1716110249995,5036.57271900232,0.5315624999999999,0.11534193658650922,0.4515625,0.11355273163531604,0.29625,0.08741537260929026,0.18375,0.05783227791139696,,,,,,,,,,,,,,,,,,,419329.0,0.0,20
UCI,wine-quality-red,mixednormal,0.46308563999999997,0.08514661356001373,0.67778458,0.06235463444388162,0.35406139,0.050134069762009154,0.35336639000000003,0.050131357854780935,865.1192293150001,880.8610720053778,0.7040625,0.08182426109625048,0.6596875,0.08772234438241698,0.5571875000000001,0.11134780960552107,0.365625,0.10431677780481406,,,,,,,,,,,,,,,,,,,519947.0,0.0,20
UCI,wine-quality-red,normal,0.431107075,0.08287063615060636,0.65372915,0.06278846838392757,0.33037794,0.05183204915138895,0.329429725,0.0518367786284164,173.792109315,211.49995524871704,0.7609375,0.052404165350214596,0.713125,0.07151727340116398,0.6059375,0.08297696553387889,0.414375,0.09332359167519164,,,,,,,,,,,,,,,,,,,419587.0,0.0,20
UCI,wine-quality-red,sample,0.43980039499999996,0.08363959270182914,0.660278145,0.06352075576271757,0.332771135,0.051055332202819804,0.33136388499999997,0.05103072614145814,116.002293395,138.54703722317228,0.7893749999999999,0.04498263553861645,0.7265625,0.05048592006688594,0.5743750000000001,0.07189001559399795,0.3759375,0.08622842502849473,,,,,,,,,,,,,,,,,,,419457.0,0.0,20
UCI,yacht,deterministic,1.238976025,1.7646817519636564,0.9396850000000001,0.6121300974224566,0.40915877500000003,0.19910669517153193,0.40873360999999997,0.19910813804329097,55.745405895,65.64515582927963,0.34032256,0.11723441023618314,0.279032245,0.0983321140391366,0.19677419000000002,0.05528134308281497,0.12096773499999999,0.06691220175203885,,,,,,,,,,,,,,,,,,,418689.0,0.0,20
UCI,yacht,mixednormal,1.26551785,1.8043930718233059,0.945361615,0.6256022369809323,0.359920895,0.19484070338193404,0.358783225,0.19476265926044414,6.3421872,13.647372159093267,0.77903224,0.08584268965571112,0.73870966,0.07824964649591176,0.6096773950000001,0.10087518378878177,0.41451611499999996,0.10532406714983236,,,,,,,,,,,,,,,,,,,519307.0,0.0,20
UCI,yacht,normal,1.1316702749999998,1.7009202027581154,0.90620473,0.5716672551012062,0.34860304000000003,0.18155346662974894,0.347456785,0.1814676814997596,3.39272572,7.324105016299371,0.77903224,0.08520231100338951,0.73387095,0.09470047173679814,0.59354836,0.11483909688800238,0.37258063999999996,0.11246580706558819,,,,,,,,,,,,,,,,,,,418947.0,0.0,20
UCI,yacht,sample,1.355699785,1.8968465966407093,0.9922453649999999,0.6250464391294452,0.371245315,0.2021028129288558,0.37003399,0.20191165143424514,2.58019189,4.9320760700752455,0.79193547,0.0950468468003963,0.729032225,0.09147936338425344,0.59032257,0.09366831653285468,0.372580635,0.09562132409377971,,,,,,,,,,,,,,,,,,,418817.0,0.0,20
UCI_iDDPM,concrete,UCI_iDDPM,16319483.87590742,65277842.166424915,1014.43264566875,4038.535745647588,3.54116853125,4.015474825632716,2.52760018125,0.31600098567328183,7.02353374375,2.5630298124096864,0.61468448125,0.06779627695501891,0.5358009875,0.07438176161338544,0.395631075,0.05948006101705568,0.2451456375,0.03891576559880541,,,,,,,,,,,,,,,,,,,419203.0,0.0,16
UCI_iDDPM,energy,UCI_iDDPM,0.2069535875,0.05225488796520372,0.4514384275,0.05690245497980931,0.28482903,0.03232084514252017,0.28432932,0.03235124624922588,12.6589488625,9.478418024320433,0.39480521,0.11412364398605038,0.3074675275,0.09777982238621885,0.1896103875,0.07081594464105682,0.10000001,0.05213087119857543,,,,,,,,,,,,,,,,,,,419971.0,0.0,40
UCI_iDDPM,kin8nm,UCI_iDDPM,0.004817009090909091,0.0002603991645706471,0.06938187272727273,0.0018718469563994285,0.039780754545454544,0.0007800703575494163,0.03954036363636364,0.0007797977228393611,-0.9321196818181818,0.10608983521055931,,,,,,,,,,,,,,,,,,,,,,,,,,,419203.0,0.0,11
UCI_iDDPM,naval-propulsion-plant,UCI_iDDPM,0.0,0.0,0.000132725,1.1929171454000791e-05,7.516e-05,8.615982700466433e-06,7.5035e-05,8.62360743906852e-06,11.711860685000001,14.094829275960425,,,,,,,,,,,,,,,,,,,,,,,,,,,421763.0,0.0,20
UCI_iDDPM,wine-quality-red,UCI_iDDPM,5.2396766,11.710954222710402,1.4629550666666666,1.9285556445036038,0.32817103333333336,0.0402263023434502,0.32201528333333335,0.03643838441497738,8.574307733333333,7.696847323505873,,,,,,,,,,,,,,,,,,,,,,,,,,,419587.0,0.0,6
UCI_iDDPM,yacht,UCI_iDDPM,5.4644470625,27.098969862317674,1.2355637775,2.00967639377779,0.408975985,0.17819636857244867,0.4077145575,0.17840287374385852,30.1147764575,49.062476996761525,,,,,,,,,,,,,,,,,,,,,,,,,,,418947.0,0.0,40
crps_ensemble,1D_Burgers,crps_ensemble,1.1600000000000001e-06,7.436396977031284e-07,0.00102354,0.00031984756994543503,0.00448442,0.00046853787146825194,0.00013959999999999998,1.2841923531932442e-05,2.16763486,6.043888908014224,0.3912,0.02224185244083775,0.3162,0.024159884105682303,0.1678,0.026328691574022445,0.0164,0.006767569726275453,1.66e-06,1.439791651594077e-06,0.0011992200000000002,0.0005313939800185922,0.00423026,0.0005454138272908015,0.00013218000000000003,1.657277888587186e-05,4.862010580000001,9.500663531107453,0.39444446,0.013944343735830691,0.31600004,0.021866591124544286,0.16644446,0.021073070317184448,0.01711112,0.003002058347534239,6455328.0,0.0,5
crps_ensemble,1D_KS,crps_ensemble,3.766e-05,6.524032495320666e-06,0.00611878,0.0005252970369229202,0.07279578,0.005863117410303156,0.00333648,0.00026256545279225164,-3.4819992999999996,0.07208850678544386,0.3236,0.03410718399399166,0.2102,0.03172853605195172,0.0498,0.016783920876839237,0.0008,0.0013038404810405298,3.464e-05,8.005810389960531e-06,0.0058540599999999995,0.0006575068159342537,0.07161578,0.006555690790984582,0.00330496,0.0002758144811281669,-3.49838216,0.08260895445566414,0.33955556,0.03513292411389922,0.22355556000000001,0.033696155915148525,0.056666680000000004,0.02059306877281771,0.0026666800000000003,0.003201101855143007,6455328.0,0.0,5
crps_ensemble,concrete,crps_ensemble,21.46560813,5.18397690879601,4.600633050000001,0.5771421513916293,2.4994198499999998,0.3317525813530829,2.49151507,0.332033073518762,6.95958184,1.7093121956563122,0.60776699,0.07592430795836438,0.5631068,0.06258600846941217,0.4631068,0.0617521173349636,0.32912623,0.058333282736569486,,,,,,,,,,,,,,,,,,,8971.0,0.0,10
crps_ensemble,energy,crps_ensemble,0.25779049,0.07710457653209914,0.50286183,0.07394052701030966,0.28681221,0.03241597715689834,0.28313902,0.03246680949221837,0.80401145,0.09663264736239506,0.96883116,0.02048861257973967,0.94545452,0.025829327092314613,0.8701298700000001,0.05807967436894198,0.66493506,0.06146576308388995,,,,,,,,,,,,,,,,,,,9355.0,0.0,10
crps_ensemble,kin8nm,crps_ensemble,0.006323819999999999,0.0005267793778128457,0.07946099,0.003294056268645091,0.04727146,0.001983209388956306,0.047034559999999996,0.0019825982162584308,-0.41572471,0.16390702837603768,0.69267401,0.02777192015137471,0.62173382,0.028149604398909612,0.47509159,0.02434834854935751,0.2974359,0.020212785399345647,,,,,,,,,,,,,,,,,,,8971.0,0.0,10
crps_ensemble,naval-propulsion-plant,crps_ensemble,5.3e-07,1.4181364924121764e-07,0.0007266200000000001,9.657555246196279e-05,0.00042228999999999997,4.5207409667983506e-05,0.00041682000000000004,4.5286343293413404e-05,-5.7314734000000005,0.0755780174485206,0.9744341999999999,0.018627296579780746,0.9439228999999999,0.03561642855353256,0.85213747,0.05853867625470743,0.65507127,0.08552179898280712,,,,,,,,,,,,,,,,,,,10251.0,0.0,10
crps_ensemble,power-plant,crps_ensemble,13.176776989999999,1.4259936037304815,3.62524497,0.19543699209345688,1.9328292399999998,0.08631828507074137,1.91777248,0.0865749446889392,2.84129172,0.11136204477738161,0.8660396800000001,0.023019091541674704,0.80992683,0.028812879563990118,0.67189131,0.035167297140428946,0.45569486000000003,0.032053857920319034,,,,,,,,,,,,,,,,,,,8715.0,0.0,10
crps_ensemble,protein-tertiary-structure,crps_ensemble,14.43669586,0.2514725743214219,3.7994487,0.033269588271122336,1.9441334000000001,0.018564017712095565,1.9318818,0.0186001801363589,3.24775452,0.02875391060311624,0.80905316,0.005854192316024499,0.77100374,0.006964033320425744,0.68602668,0.009463061392435286,0.5441941800000001,0.007809141819816054,,,,,,,,,,,,,,,,,,,9035.0,0.0,5
crps_ensemble,wine-quality-red,crps_ensemble,0.45055873999999996,0.06486406573866096,0.66968789,0.04803779253766882,0.38710489,0.03883798416809245,0.38674744,0.03885925211630072,58.89796409,21.878357570857133,0.564375,0.03372813077470433,0.55375,0.03175973166693254,0.525,0.03061862178478972,0.46624999999999994,0.027826346428439994,,,,,,,,,,,,,,,,,,,9163.0,0.0,10
crps_ensemble,yacht,crps_ensemble,1.29581985,1.1711282906758065,1.03380164,0.5022991357981907,0.48749549,0.20997897668961718,0.48446191,0.20993445414394593,2.65279405,2.1377454191586596,0.8903225499999999,0.0807526104262099,0.86451612,0.08575226836450062,0.7612903099999999,0.13010308615900146,0.43225806,0.17082902471492237,,,,,,,,,,,,,,,,,,,8843.0,0.0,10
